file_name,label
test_511.npy,0
test_566.npy,0
test_209.npy,1
test_94.npy,0
test_366.npy,0
test_636.npy,1
test_723.npy,1
test_588.npy,0
test_549.npy,0
test_599.npy,0
test_56.npy,0
test_281.npy,0
test_776.npy,1
test_302.npy,0
test_567.npy,0
test_426.npy,0
test_668.npy,0
test_454.npy,1
test_121.npy,0
test_138.npy,1
test_398.npy,0
test_241.npy,1
test_401.npy,1
test_242.npy,0
test_102.npy,1
test_687.npy,0
test_47.npy,1
test_239.npy,1
test_263.npy,1
test_640.npy,1
test_691.npy,0
test_425.npy,1
test_363.npy,0
test_197.npy,2
test_310.npy,0
test_655.npy,0
test_634.npy,0
test_4.npy,1
test_252.npy,0
test_494.npy,1
test_694.npy,0
test_605.npy,1
test_462.npy,0
test_110.npy,1
test_704.npy,1
test_165.npy,1
test_488.npy,0
test_112.npy,1
test_90.npy,0
test_132.npy,0
test_136.npy,1
test_265.npy,0
test_83.npy,1
test_79.npy,1
test_140.npy,1
test_351.npy,2
test_589.npy,1
test_193.npy,0
test_117.npy,1
test_326.npy,1
test_182.npy,0
test_295.npy,1
test_654.npy,0
test_592.npy,0
test_540.npy,0
test_324.npy,1
test_741.npy,1
test_722.npy,0
test_532.npy,1
test_659.npy,0
test_480.npy,0
test_387.npy,0
test_718.npy,0
test_736.npy,0
test_507.npy,1
test_7.npy,0
test_683.npy,0
test_705.npy,0
test_739.npy,0
test_52.npy,0
test_524.npy,0
test_290.npy,1
test_85.npy,0
test_675.npy,2
test_744.npy,1
test_282.npy,2
test_466.npy,0
test_417.npy,1
test_142.npy,1
test_210.npy,0
test_735.npy,1
test_266.npy,0
test_353.npy,0
test_187.npy,1
test_200.npy,1
test_491.npy,2
test_38.npy,2
test_125.npy,1
test_648.npy,0
test_222.npy,0
test_314.npy,1
test_498.npy,2
test_404.npy,0
test_575.npy,2
test_115.npy,0
test_288.npy,0
test_423.npy,0
test_357.npy,0
test_92.npy,0
test_518.npy,0
test_128.npy,0
test_109.npy,0
test_327.npy,1
test_710.npy,1
test_677.npy,1
test_305.npy,2
test_152.npy,0
test_686.npy,0
test_214.npy,0
test_259.npy,0
test_484.npy,0
test_99.npy,0
test_279.npy,1
test_46.npy,0
test_673.npy,0
test_527.npy,2
test_446.npy,1
test_639.npy,1
test_622.npy,0
test_268.npy,0
test_587.npy,0
test_637.npy,2
test_476.npy,0
test_306.npy,0
test_516.npy,1
test_251.npy,0
test_167.npy,0
test_316.npy,1
test_336.npy,0
test_333.npy,0
test_768.npy,2
test_486.npy,0
test_250.npy,2
test_13.npy,0
test_611.npy,1
test_199.npy,0
test_615.npy,0
test_8.npy,0
test_467.npy,0
test_584.npy,1
test_120.npy,2
test_579.npy,0
test_355.npy,0
test_547.npy,0
test_531.npy,1
test_264.npy,0
test_196.npy,1
test_756.npy,1
test_321.npy,0
test_15.npy,0
test_285.npy,0
test_17.npy,1
test_271.npy,0
test_440.npy,1
test_317.npy,0
test_356.npy,2
test_170.npy,0
test_726.npy,1
test_400.npy,0
test_270.npy,0
test_114.npy,1
test_470.npy,1
test_583.npy,2
test_195.npy,0
test_30.npy,1
test_495.npy,0
test_234.npy,1
test_619.npy,0
test_607.npy,0
test_553.npy,1
test_719.npy,0
test_173.npy,0
test_133.npy,1
test_272.npy,1
test_362.npy,0
test_556.npy,1
test_267.npy,0
test_415.npy,0
test_221.npy,1
test_378.npy,1
test_431.npy,1
test_536.npy,0
test_172.npy,0
test_749.npy,1
test_296.npy,1
test_220.npy,0
test_660.npy,0
test_760.npy,2
test_554.npy,1
test_76.npy,1
test_315.npy,2
test_81.npy,0
test_191.npy,2
test_564.npy,0
test_534.npy,0
test_557.npy,1
test_283.npy,1
test_375.npy,0
test_734.npy,0
test_762.npy,2
test_87.npy,2
test_49.npy,1
test_716.npy,0
test_490.npy,0
test_223.npy,1
test_219.npy,0
test_228.npy,1
test_512.npy,1
test_746.npy,1
test_131.npy,2
test_593.npy,1
test_576.npy,0
test_771.npy,0
test_273.npy,1
test_181.npy,1
test_198.npy,3
test_616.npy,0
test_463.npy,0
test_703.npy,0
test_45.npy,1
test_638.npy,0
test_626.npy,0
test_50.npy,0
test_767.npy,1
test_256.npy,1
test_406.npy,1
test_225.npy,0
test_359.npy,0
test_685.npy,0
test_14.npy,1
test_701.npy,1
test_737.npy,0
test_666.npy,0
test_11.npy,1
test_577.npy,1
test_391.npy,3
test_697.npy,2
test_237.npy,0
test_348.npy,1
test_258.npy,1
test_335.npy,0
test_287.npy,0
test_678.npy,0
test_633.npy,2
test_601.npy,0
test_176.npy,0
test_591.npy,1
test_246.npy,0
test_233.npy,0
test_376.npy,0
test_194.npy,0
test_183.npy,0
test_64.npy,0
test_278.npy,1
test_389.npy,1
test_522.npy,1
test_337.npy,0
test_449.npy,0
test_367.npy,0
test_572.npy,0
test_262.npy,0
test_727.npy,0
test_137.npy,0
test_500.npy,0
test_758.npy,0
test_37.npy,2
test_34.npy,0
test_261.npy,0
test_656.npy,1
test_245.npy,0
test_304.npy,0
test_68.npy,0
test_124.npy,0
test_503.npy,1
test_349.npy,1
test_574.npy,1
test_71.npy,1
test_186.npy,1
test_568.npy,0
test_177.npy,0
test_379.npy,0
test_492.npy,1
test_725.npy,1
test_227.npy,3
test_329.npy,0
test_303.npy,2
test_69.npy,0
test_548.npy,2
test_322.npy,0
test_702.npy,2
test_695.npy,0
test_23.npy,0
test_184.npy,0
test_397.npy,0
test_180.npy,1
test_97.npy,1
test_377.npy,0
test_65.npy,1
test_541.npy,0
test_699.npy,2
test_501.npy,0
test_309.npy,0
test_496.npy,1
test_21.npy,0
test_275.npy,2
test_248.npy,1
test_1.npy,2
test_680.npy,1
test_707.npy,0
test_504.npy,1
test_748.npy,0
test_665.npy,0
test_468.npy,0
test_537.npy,0
test_403.npy,1
test_580.npy,1
test_742.npy,0
test_628.npy,1
test_732.npy,0
test_74.npy,1
test_230.npy,0
test_661.npy,1
test_339.npy,0
test_208.npy,0
test_175.npy,0
test_505.npy,2
test_320.npy,1
test_421.npy,0
test_459.npy,0
test_253.npy,1
test_129.npy,0
test_560.npy,2
test_27.npy,0
test_597.npy,0
test_618.npy,0
test_6.npy,0
test_318.npy,0
test_217.npy,0
test_5.npy,1
test_667.npy,1
test_22.npy,0
test_764.npy,1
test_461.npy,1
test_148.npy,1
test_40.npy,2
test_596.npy,0
test_89.npy,0
test_243.npy,0
test_770.npy,1
test_143.npy,0
test_514.npy,0
test_438.npy,1
test_218.npy,0
test_232.npy,0
test_458.npy,0
test_688.npy,0
test_692.npy,1
test_31.npy,0
test_103.npy,0
test_544.npy,1
test_603.npy,0
test_41.npy,1
test_670.npy,0
test_681.npy,1
test_609.npy,0
test_169.npy,1
test_35.npy,1
test_119.npy,0
test_679.npy,2
test_453.npy,0
test_578.npy,1
test_308.npy,0
test_409.npy,1
test_451.npy,0
test_135.npy,0
test_44.npy,0
test_203.npy,0
test_61.npy,1
test_720.npy,1
test_473.npy,0
test_713.npy,0
test_301.npy,0
test_93.npy,0
test_16.npy,0
test_352.npy,1
test_277.npy,0
test_311.npy,0
test_437.npy,1
test_338.npy,2
test_632.npy,1
test_57.npy,0
test_373.npy,2
test_569.npy,0
test_509.npy,1
test_778.npy,1
test_552.npy,0
test_29.npy,1
test_472.npy,2
test_558.npy,0
test_434.npy,0
test_298.npy,1
test_773.npy,2
test_297.npy,1
test_139.npy,1
test_229.npy,0
test_155.npy,1
test_111.npy,0
test_402.npy,0
test_231.npy,0
test_533.npy,0
test_608.npy,0
test_766.npy,0
test_113.npy,0
test_510.npy,0
test_371.npy,1
test_455.npy,1
test_562.npy,1
test_369.npy,1
test_712.npy,0
test_192.npy,0
test_190.npy,2
test_374.npy,1
test_642.npy,1
test_59.npy,0
test_158.npy,1
test_706.npy,2
test_159.npy,2
test_617.npy,2
test_738.npy,0
test_696.npy,0
test_405.npy,1
test_28.npy,0
test_390.npy,2
test_523.npy,0
test_765.npy,0
test_693.npy,0
test_82.npy,0
test_312.npy,2
test_255.npy,1
test_457.npy,0
test_420.npy,1
test_482.npy,0
test_487.npy,1
test_178.npy,1
test_671.npy,0
test_134.npy,1
test_145.npy,1
test_215.npy,0
test_88.npy,1
test_96.npy,1
test_625.npy,0
test_161.npy,1
test_54.npy,1
test_754.npy,0
test_385.npy,2
test_10.npy,0
test_107.npy,1
test_80.npy,0
test_779.npy,0
test_623.npy,0
test_95.npy,0
test_364.npy,0
test_86.npy,1
test_101.npy,1
test_332.npy,0
test_185.npy,0
test_672.npy,1
test_441.npy,0
test_342.npy,0
test_257.npy,0
test_350.npy,0
test_299.npy,1
test_43.npy,1
test_775.npy,1
test_529.npy,2
test_757.npy,0
test_561.npy,1
test_743.npy,1
test_740.npy,0
test_368.npy,1
test_550.npy,1
test_42.npy,2
test_590.npy,0
test_70.npy,1
test_330.npy,0
test_631.npy,0
test_58.npy,2
test_247.npy,0
test_733.npy,0
test_450.npy,0
test_334.npy,0
test_585.npy,1
test_641.npy,1
test_386.npy,1
test_481.npy,0
test_344.npy,1
test_291.npy,1
test_412.npy,0
test_319.npy,1
test_521.npy,0
test_394.npy,0
test_343.npy,2
test_73.npy,0
test_429.npy,1
test_643.npy,0
test_84.npy,1
test_539.npy,1
test_48.npy,1
test_724.npy,1
test_307.npy,1
test_416.npy,0
test_674.npy,1
test_751.npy,0
test_146.npy,0
test_600.npy,0
test_407.npy,0
test_769.npy,0
test_602.npy,1
test_18.npy,1
test_493.npy,1
test_9.npy,1
test_323.npy,0
test_276.npy,0
test_100.npy,0
test_508.npy,0
test_465.npy,0
test_535.npy,0
test_19.npy,0
test_78.npy,2
test_153.npy,1
test_66.npy,1
test_396.npy,1
test_530.npy,1
test_645.npy,0
test_67.npy,0
test_471.npy,0
test_32.npy,0
test_520.npy,1
test_469.npy,0
test_98.npy,0
test_384.npy,1
test_629.npy,1
test_565.npy,0
test_499.npy,0
test_358.npy,0
test_418.npy,0
test_477.npy,1
test_188.npy,0
test_428.npy,0
test_570.npy,0
test_669.npy,0
test_235.npy,1
test_269.npy,0
test_328.npy,0
test_154.npy,1
test_586.npy,0
test_274.npy,0
test_166.npy,0
test_104.npy,1
test_444.npy,2
test_442.npy,0
test_427.npy,0
test_456.npy,1
test_224.npy,0
test_721.npy,1
test_598.npy,1
test_206.npy,0
test_752.npy,1
test_519.npy,1
test_650.npy,0
test_594.npy,0
test_624.npy,0
test_475.npy,0
test_62.npy,1
test_147.npy,0
test_452.npy,0
test_747.npy,0
test_682.npy,0
test_582.npy,1
test_717.npy,1
test_201.npy,1
test_380.npy,1
test_684.npy,1
test_663.npy,1
test_755.npy,1
test_106.npy,0
test_118.npy,1
test_485.npy,1
test_372.npy,1
test_606.npy,1
test_388.npy,0
test_439.npy,0
test_613.npy,0
test_443.npy,1
test_413.npy,1
test_445.npy,0
test_410.npy,0
test_75.npy,0
test_164.npy,1
test_53.npy,1
test_714.npy,0
test_392.npy,2
test_3.npy,1
test_289.npy,1
test_24.npy,2
test_745.npy,1
test_395.npy,0
test_292.npy,0
test_116.npy,1
test_77.npy,0
test_244.npy,1
test_216.npy,2
test_538.npy,1
test_144.npy,0
test_526.npy,0
test_151.npy,0
test_33.npy,1
test_513.npy,0
test_150.npy,1
test_731.npy,0
test_211.npy,0
test_157.npy,1
test_657.npy,1
test_313.npy,1
test_447.npy,1
test_331.npy,0
test_393.npy,2
test_141.npy,1
test_525.npy,1
test_171.npy,0
test_542.npy,0
test_72.npy,0
test_662.npy,0
test_162.npy,1
test_690.npy,0
test_483.npy,0
test_36.npy,1
test_341.npy,0
test_604.npy,2
test_360.npy,0
test_189.npy,0
test_25.npy,0
test_432.npy,0
test_750.npy,0
test_464.npy,0
test_163.npy,0
test_647.npy,2
test_122.npy,0
test_649.npy,1
test_571.npy,0
test_610.npy,2
test_156.npy,0
test_294.npy,1
test_204.npy,1
test_365.npy,0
test_422.npy,0
test_300.npy,0
test_759.npy,1
test_419.npy,1
test_581.npy,1
test_63.npy,0
test_361.npy,0
test_212.npy,1
test_689.npy,2
test_424.npy,0
test_777.npy,0
test_108.npy,0
test_127.npy,1
test_651.npy,0
test_51.npy,1
test_26.npy,0
test_497.npy,0
test_644.npy,2
test_174.npy,1
test_205.npy,1
test_614.npy,0
test_370.npy,1
test_763.npy,0
test_646.npy,0
test_545.npy,1
test_254.npy,0
test_55.npy,0
test_774.npy,0
test_652.npy,0
test_551.npy,1
test_408.npy,1
test_658.npy,0
test_240.npy,0
test_207.npy,1
test_238.npy,0
test_728.npy,0
test_382.npy,1
test_213.npy,0
test_286.npy,1
test_546.npy,0
test_126.npy,1
test_555.npy,0
test_448.npy,0
test_123.npy,2
test_653.npy,1
test_711.npy,2
test_280.npy,0
test_502.npy,0
test_460.npy,1
test_226.npy,0
test_346.npy,0
test_345.npy,1
test_573.npy,0
test_478.npy,1
test_399.npy,1
test_708.npy,0
test_543.npy,0
test_700.npy,0
test_293.npy,0
test_730.npy,1
test_149.npy,0
test_354.npy,0
test_130.npy,2
test_430.npy,0
test_709.npy,2
test_474.npy,0
test_60.npy,0
test_563.npy,0
test_383.npy,1
test_627.npy,0
test_202.npy,0
test_179.npy,0
test_433.npy,1
test_761.npy,0
test_284.npy,0
test_528.npy,0
test_559.npy,1
test_620.npy,1
test_517.npy,1
test_91.npy,0
test_698.npy,0
test_630.npy,0
test_621.npy,0
test_772.npy,3
test_729.npy,2
test_236.npy,2
test_715.npy,1
test_414.npy,1
test_20.npy,0
test_595.npy,1
test_436.npy,0
test_515.npy,1
test_340.npy,0
test_12.npy,3
test_664.npy,1
test_479.npy,0
test_325.npy,0
test_260.npy,1
test_411.npy,0
test_635.npy,0
test_381.npy,1
test_612.npy,0
test_506.npy,2
test_753.npy,0
test_347.npy,1
test_2.npy,2
test_105.npy,1
test_435.npy,0
test_249.npy,2
test_676.npy,0
test_160.npy,0
test_489.npy,1
test_39.npy,1
test_168.npy,0
